{
  "cities": [
    {
      "city": "AGAWAM",
      "loc": [ -72.622739, 42.070206 ],
      "pop": 15338,
      "state": "MA",
      "_id": "01001"
    },
    {
      "city": "CUSHMAN",
      "loc": [ -72.51564999999999, 42.377017 ],
      "pop": 36963,
      "state": "MA",
      "_id": "01002"
    },
    {
      "city": "BARRE",
      "loc": [ -72.10835400000001, 42.409698 ],
      "pop": 4546,
      "state": "MA",
      "_id": "01005"
    },
    {
      "city": "BELCHERTOWN",
      "loc": [ -72.41095300000001, 42.275103 ],
      "pop": 10579,
      "state": "MA",
      "_id": "01007"
    },
     {
      "city": "KETCHIKAN",
      "loc": [ -131.683175, 55.372028 ],
      "pop": 13886,
      "state": "AK",
      "_id": "99901"
    },
    {
      "city": "THORNE BAY",
      "loc": [ -132.513815, 55.66086 ],
      "pop": 744,
      "state": "AK",
      "_id": "99919"
    },
    {
      "city": "CRAIG",
      "loc": [ -133.117081, 55.47317 ],
      "pop": 1398,
      "state": "AK",
      "_id": "99921"
    },
    {
      "city": "HYDABURG",
      "loc": [ -132.633175, 55.137406 ],
      "pop": 891,
      "state": "AK",
      "_id": "99922"
    },
    {
      "city": "HYDER",
      "loc": [ -130.124915, 55.925867 ],
      "pop": 116,
      "state": "AK",
      "_id": "99923"
    },
    {
      "city": "KLAWOCK",
      "loc": [ -133.055503, 55.552611 ],
      "pop": 851,
      "state": "AK",
      "_id": "99925"
    },
    {
      "city": "METLAKATLA",
      "loc": [ -131.579001, 55.121491 ],
      "pop": 1469,
      "state": "AK",
      "_id": "99926"
    },
    {
      "city": "POINT BAKER",
      "loc": [ -133.376372, 56.307858 ],
      "pop": 426,
      "state": "AK",
      "_id": "99927"
    },
    {
      "city": "WRANGELL",
      "loc": [ -132.352918, 56.433524 ],
      "pop": 2573,
      "state": "AK",
      "_id": "99929"
    },
    {
      "city": "KETCHIKAN",
      "loc": [ -133.18479, 55.942471 ],
      "pop": 422,
      "state": "AK",
      "_id": "99950"
    },
  ]
}